<?xml version="1.0" encoding="UTF-8"?>
<export version="E">
  <design>
    <source>C:\Users\User\Desktop\Karolina\Karolina\wzmacniacz\wzmacniacz.kicad_sch</source>
    <date>6/24/2023 10:07:45 PM</date>
    <tool>Eeschema 7.0.2</tool>
    <sheet number="1" name="/" tstamps="/">
      <title_block>
        <title/>
        <company/>
        <rev/>
        <date/>
        <source>wzmacniacz.kicad_sch</source>
        <comment number="1" value=""/>
        <comment number="2" value=""/>
        <comment number="3" value=""/>
        <comment number="4" value=""/>
        <comment number="5" value=""/>
        <comment number="6" value=""/>
        <comment number="7" value=""/>
        <comment number="8" value=""/>
        <comment number="9" value=""/>
      </title_block>
    </sheet>
  </design>
  <components>
    <comp ref="BT1">
      <value>9</value>
      <footprint>Connector_PinSocket_2.54mm:PinSocket_1x02_P2.54mm_Vertical</footprint>
      <fields>
        <field name="Sim.Device">V</field>
        <field name="Sim.Pins">1=+ 2=-</field>
        <field name="Sim.Type">DC</field>
      </fields>
      <libsource lib="Device" part="Battery" description="Multiple-cell battery"/>
      <property name="Sim.Device" value="V"/>
      <property name="Sim.Type" value="DC"/>
      <property name="Sim.Pins" value="1=+ 2=-"/>
      <property name="Sheetname" value=""/>
      <property name="Sheetfile" value="wzmacniacz.kicad_sch"/>
      <property name="ki_description" value="Multiple-cell battery"/>
      <property name="ki_keywords" value="batt voltage-source cell"/>
      <sheetpath names="/" tstamps="/"/>
      <tstamps>1855dbc0-6156-461f-940b-23aebe52202a</tstamps>
    </comp>
    <comp ref="BT4">
      <value>-9</value>
      <footprint>Connector_PinSocket_2.54mm:PinSocket_1x02_P2.54mm_Vertical</footprint>
      <fields>
        <field name="Sim.Device">V</field>
        <field name="Sim.Pins">1=+ 2=-</field>
        <field name="Sim.Type">DC</field>
      </fields>
      <libsource lib="Device" part="Battery" description="Multiple-cell battery"/>
      <property name="Sim.Device" value="V"/>
      <property name="Sim.Type" value="DC"/>
      <property name="Sim.Pins" value="1=+ 2=-"/>
      <property name="Sheetname" value=""/>
      <property name="Sheetfile" value="wzmacniacz.kicad_sch"/>
      <property name="ki_description" value="Multiple-cell battery"/>
      <property name="ki_keywords" value="batt voltage-source cell"/>
      <sheetpath names="/" tstamps="/"/>
      <tstamps>c814e86b-3b95-4d88-92af-cb1cc741de3a</tstamps>
    </comp>
    <comp ref="C1">
      <value>1000u</value>
      <footprint>Capacitor_THT:CP_Radial_D10.0mm_P5.00mm</footprint>
      <libsource lib="Device" part="C" description="Unpolarized capacitor"/>
      <property name="Sheetname" value=""/>
      <property name="Sheetfile" value="wzmacniacz.kicad_sch"/>
      <property name="ki_description" value="Unpolarized capacitor"/>
      <property name="ki_keywords" value="cap capacitor"/>
      <sheetpath names="/" tstamps="/"/>
      <tstamps>0c8922f6-b3fc-4990-b4d8-0564608c776f</tstamps>
    </comp>
    <comp ref="C2">
      <value>1000u</value>
      <footprint>Capacitor_THT:CP_Radial_D10.0mm_P5.00mm</footprint>
      <libsource lib="Device" part="C" description="Unpolarized capacitor"/>
      <property name="Sheetname" value=""/>
      <property name="Sheetfile" value="wzmacniacz.kicad_sch"/>
      <property name="ki_description" value="Unpolarized capacitor"/>
      <property name="ki_keywords" value="cap capacitor"/>
      <sheetpath names="/" tstamps="/"/>
      <tstamps>ca1cd833-d147-4aa6-b29e-7238278d706b</tstamps>
    </comp>
    <comp ref="C3">
      <value>560u</value>
      <footprint>Capacitor_THT:CP_Radial_D10.0mm_P5.00mm</footprint>
      <libsource lib="Device" part="C" description="Unpolarized capacitor"/>
      <property name="Sheetname" value=""/>
      <property name="Sheetfile" value="wzmacniacz.kicad_sch"/>
      <property name="ki_description" value="Unpolarized capacitor"/>
      <property name="ki_keywords" value="cap capacitor"/>
      <sheetpath names="/" tstamps="/"/>
      <tstamps>6f123e56-9ece-4e04-84b8-f9be726cc707</tstamps>
    </comp>
    <comp ref="C4">
      <value>560u</value>
      <footprint>Capacitor_THT:CP_Radial_D10.0mm_P5.00mm</footprint>
      <libsource lib="Device" part="C" description="Unpolarized capacitor"/>
      <property name="Sheetname" value=""/>
      <property name="Sheetfile" value="wzmacniacz.kicad_sch"/>
      <property name="ki_description" value="Unpolarized capacitor"/>
      <property name="ki_keywords" value="cap capacitor"/>
      <sheetpath names="/" tstamps="/"/>
      <tstamps>38fca5c8-5a3d-4982-af07-3b72c65439ed</tstamps>
    </comp>
    <comp ref="C8">
      <value>1000u</value>
      <footprint>Capacitor_THT:CP_Radial_D10.0mm_P5.00mm</footprint>
      <libsource lib="Device" part="C" description="Unpolarized capacitor"/>
      <property name="Sheetname" value=""/>
      <property name="Sheetfile" value="wzmacniacz.kicad_sch"/>
      <property name="ki_description" value="Unpolarized capacitor"/>
      <property name="ki_keywords" value="cap capacitor"/>
      <sheetpath names="/" tstamps="/"/>
      <tstamps>272fdc30-7c73-47e1-9178-ad805cdc8041</tstamps>
    </comp>
    <comp ref="J1">
      <value>Input</value>
      <footprint>Connector_PinSocket_2.54mm:PinSocket_1x02_P2.54mm_Vertical</footprint>
      <fields>
        <field name="Sim.Device">SPICE</field>
        <field name="Sim.Params">type="V" model="ac 500m sin(0 500m 1k)" lib=""</field>
        <field name="Sim.Pins">1=1 2=2</field>
      </fields>
      <libsource lib="Connector" part="Conn_01x02_Female" description="Generic connector, single row, 01x02, script generated (kicad-library-utils/schlib/autogen/connector/)"/>
      <property name="Sim.Device" value="SPICE"/>
      <property name="Sim.Params" value="type=&quot;V&quot; model=&quot;ac 500m sin(0 500m 1k)&quot; lib=&quot;&quot;"/>
      <property name="Sim.Pins" value="1=1 2=2"/>
      <property name="Sheetname" value=""/>
      <property name="Sheetfile" value="wzmacniacz.kicad_sch"/>
      <property name="ki_description" value="Generic connector, single row, 01x02, script generated (kicad-library-utils/schlib/autogen/connector/)"/>
      <property name="ki_keywords" value="connector"/>
      <sheetpath names="/" tstamps="/"/>
      <tstamps>380876f7-6bf7-4297-85a2-cfc6931b517d</tstamps>
    </comp>
    <comp ref="J2">
      <value>Out</value>
      <footprint>Connector_PinSocket_2.54mm:PinSocket_1x02_P2.54mm_Vertical</footprint>
      <fields>
        <field name="Sim.Device">SPICE</field>
        <field name="Sim.Params">type="R" model="8" lib=""</field>
        <field name="Sim.Pins">1=1 2=2</field>
      </fields>
      <libsource lib="Connector" part="Conn_01x02_Female" description="Generic connector, single row, 01x02, script generated (kicad-library-utils/schlib/autogen/connector/)"/>
      <property name="Sim.Device" value="SPICE"/>
      <property name="Sim.Params" value="type=&quot;R&quot; model=&quot;8&quot; lib=&quot;&quot;"/>
      <property name="Sim.Pins" value="1=1 2=2"/>
      <property name="Sheetname" value=""/>
      <property name="Sheetfile" value="wzmacniacz.kicad_sch"/>
      <property name="ki_description" value="Generic connector, single row, 01x02, script generated (kicad-library-utils/schlib/autogen/connector/)"/>
      <property name="ki_keywords" value="connector"/>
      <sheetpath names="/" tstamps="/"/>
      <tstamps>faf0236d-54cf-43ba-a820-c8b5578d5cd4</tstamps>
    </comp>
    <comp ref="Q1">
      <value>BC817</value>
      <footprint>Package_TO_SOT_SMD:SOT-323_SC-70</footprint>
      <fields>
        <field name="Sim.Library">tranzystory.txt</field>
        <field name="Sim.Name">BC817-16</field>
        <field name="Sim.Pins">3=1 1=2 2=3</field>
      </fields>
      <libsource lib="Device" part="Q_NPN_BEC" description="NPN transistor, base/emitter/collector"/>
      <property name="Sim.Library" value="tranzystory.txt"/>
      <property name="Sim.Name" value="BC817-16"/>
      <property name="Sim.Pins" value="3=1 1=2 2=3"/>
      <property name="Sheetname" value=""/>
      <property name="Sheetfile" value="wzmacniacz.kicad_sch"/>
      <property name="ki_description" value="NPN transistor, base/emitter/collector"/>
      <property name="ki_keywords" value="transistor NPN"/>
      <sheetpath names="/" tstamps="/"/>
      <tstamps>6b742865-fb11-4442-903c-da3b9952a243</tstamps>
    </comp>
    <comp ref="Q3">
      <value>BC807</value>
      <footprint>Package_TO_SOT_SMD:SOT-323_SC-70</footprint>
      <fields>
        <field name="Sim.Library">tranzystory.txt</field>
        <field name="Sim.Name">BC807-16</field>
        <field name="Sim.Pins">3=1 1=2 2=3</field>
      </fields>
      <libsource lib="Device" part="Q_PNP_BEC" description="PNP transistor, base/emitter/collector"/>
      <property name="Sim.Library" value="tranzystory.txt"/>
      <property name="Sim.Name" value="BC807-16"/>
      <property name="Sim.Pins" value="3=1 1=2 2=3"/>
      <property name="Sheetname" value=""/>
      <property name="Sheetfile" value="wzmacniacz.kicad_sch"/>
      <property name="ki_description" value="PNP transistor, base/emitter/collector"/>
      <property name="ki_keywords" value="transistor PNP"/>
      <sheetpath names="/" tstamps="/"/>
      <tstamps>fa58722d-9183-45e8-aa46-21efe2e63051</tstamps>
    </comp>
    <comp ref="Q5">
      <value>BC817</value>
      <footprint>Package_TO_SOT_SMD:SOT-323_SC-70</footprint>
      <fields>
        <field name="Sim.Library">tranzystory.txt</field>
        <field name="Sim.Name">BC817-16</field>
        <field name="Sim.Pins">3=1 1=2 2=3</field>
      </fields>
      <libsource lib="Device" part="Q_NPN_BEC" description="NPN transistor, base/emitter/collector"/>
      <property name="Sim.Library" value="tranzystory.txt"/>
      <property name="Sim.Name" value="BC817-16"/>
      <property name="Sim.Pins" value="3=1 1=2 2=3"/>
      <property name="Sheetname" value=""/>
      <property name="Sheetfile" value="wzmacniacz.kicad_sch"/>
      <property name="ki_description" value="NPN transistor, base/emitter/collector"/>
      <property name="ki_keywords" value="transistor NPN"/>
      <sheetpath names="/" tstamps="/"/>
      <tstamps>0cf04f1c-a7ad-4752-b2cf-8db1375fc360</tstamps>
    </comp>
    <comp ref="Q6">
      <value>BC807</value>
      <footprint>Package_TO_SOT_SMD:SOT-323_SC-70</footprint>
      <fields>
        <field name="Sim.Library">tranzystory.txt</field>
        <field name="Sim.Name">BC807-16</field>
        <field name="Sim.Pins">3=1 1=2 2=3</field>
      </fields>
      <libsource lib="Device" part="Q_PNP_BEC" description="PNP transistor, base/emitter/collector"/>
      <property name="Sim.Library" value="tranzystory.txt"/>
      <property name="Sim.Name" value="BC807-16"/>
      <property name="Sim.Pins" value="3=1 1=2 2=3"/>
      <property name="Sheetname" value=""/>
      <property name="Sheetfile" value="wzmacniacz.kicad_sch"/>
      <property name="ki_description" value="PNP transistor, base/emitter/collector"/>
      <property name="ki_keywords" value="transistor PNP"/>
      <sheetpath names="/" tstamps="/"/>
      <tstamps>bb0f36d9-bc4f-4051-80c9-cc185bed0110</tstamps>
    </comp>
    <comp ref="Q7">
      <value>BC807</value>
      <footprint>Package_TO_SOT_SMD:SOT-323_SC-70</footprint>
      <fields>
        <field name="Sim.Library">tranzystory.txt</field>
        <field name="Sim.Name">BC807-16</field>
        <field name="Sim.Pins">3=1 1=2 2=3</field>
      </fields>
      <libsource lib="Device" part="Q_PNP_BEC" description="PNP transistor, base/emitter/collector"/>
      <property name="Sim.Library" value="tranzystory.txt"/>
      <property name="Sim.Name" value="BC807-16"/>
      <property name="Sim.Pins" value="3=1 1=2 2=3"/>
      <property name="Sheetname" value=""/>
      <property name="Sheetfile" value="wzmacniacz.kicad_sch"/>
      <property name="ki_description" value="PNP transistor, base/emitter/collector"/>
      <property name="ki_keywords" value="transistor PNP"/>
      <sheetpath names="/" tstamps="/"/>
      <tstamps>05823e6b-8ca1-42bc-a668-f435739551e7</tstamps>
    </comp>
    <comp ref="Q8">
      <value>BC817</value>
      <footprint>Package_TO_SOT_SMD:SOT-323_SC-70</footprint>
      <fields>
        <field name="Sim.Library">tranzystory.txt</field>
        <field name="Sim.Name">BC817-16</field>
        <field name="Sim.Pins">3=1 1=2 2=3</field>
      </fields>
      <libsource lib="Device" part="Q_NPN_BEC" description="NPN transistor, base/emitter/collector"/>
      <property name="Sim.Library" value="tranzystory.txt"/>
      <property name="Sim.Name" value="BC817-16"/>
      <property name="Sim.Pins" value="3=1 1=2 2=3"/>
      <property name="Sheetname" value=""/>
      <property name="Sheetfile" value="wzmacniacz.kicad_sch"/>
      <property name="ki_description" value="NPN transistor, base/emitter/collector"/>
      <property name="ki_keywords" value="transistor NPN"/>
      <sheetpath names="/" tstamps="/"/>
      <tstamps>38bfda32-8ba3-475b-a885-472cdd896d55</tstamps>
    </comp>
    <comp ref="Q9">
      <value>MJE034</value>
      <footprint>Package_TO_SOT_THT:TO-220-3_Vertical</footprint>
      <fields>
        <field name="Sim.Library">tranzystory.txt</field>
        <field name="Sim.Name">MJE15034</field>
        <field name="Sim.Pins">2=1 1=2 3=3</field>
      </fields>
      <libsource lib="Device" part="Q_NPN_BCE" description="NPN transistor, base/collector/emitter"/>
      <property name="Sim.Library" value="tranzystory.txt"/>
      <property name="Sim.Name" value="MJE15034"/>
      <property name="Sim.Pins" value="2=1 1=2 3=3"/>
      <property name="Sheetname" value=""/>
      <property name="Sheetfile" value="wzmacniacz.kicad_sch"/>
      <property name="ki_description" value="NPN transistor, base/collector/emitter"/>
      <property name="ki_keywords" value="transistor NPN"/>
      <sheetpath names="/" tstamps="/"/>
      <tstamps>4318998f-e9e1-46b8-bbaf-9d569c710731</tstamps>
    </comp>
    <comp ref="Q10">
      <value>MJE034</value>
      <footprint>Package_TO_SOT_THT:TO-220-3_Vertical</footprint>
      <fields>
        <field name="Sim.Library">tranzystory.txt</field>
        <field name="Sim.Name">MJE15034</field>
        <field name="Sim.Pins">2=1 1=2 3=3</field>
      </fields>
      <libsource lib="Device" part="Q_NPN_BCE" description="NPN transistor, base/collector/emitter"/>
      <property name="Sim.Library" value="tranzystory.txt"/>
      <property name="Sim.Name" value="MJE15034"/>
      <property name="Sim.Pins" value="2=1 1=2 3=3"/>
      <property name="Sheetname" value=""/>
      <property name="Sheetfile" value="wzmacniacz.kicad_sch"/>
      <property name="ki_description" value="NPN transistor, base/collector/emitter"/>
      <property name="ki_keywords" value="transistor NPN"/>
      <sheetpath names="/" tstamps="/"/>
      <tstamps>749e3bb0-e2d6-42ee-bb72-1059eeb46a68</tstamps>
    </comp>
    <comp ref="Q11">
      <value>MJE034</value>
      <footprint>Package_TO_SOT_THT:TO-220-3_Vertical</footprint>
      <fields>
        <field name="Sim.Library">tranzystory.txt</field>
        <field name="Sim.Name">MJE15034</field>
        <field name="Sim.Pins">2=1 1=2 3=3</field>
      </fields>
      <libsource lib="Device" part="Q_NPN_BCE" description="NPN transistor, base/collector/emitter"/>
      <property name="Sim.Library" value="tranzystory.txt"/>
      <property name="Sim.Name" value="MJE15034"/>
      <property name="Sim.Pins" value="2=1 1=2 3=3"/>
      <property name="Sheetname" value=""/>
      <property name="Sheetfile" value="wzmacniacz.kicad_sch"/>
      <property name="ki_description" value="NPN transistor, base/collector/emitter"/>
      <property name="ki_keywords" value="transistor NPN"/>
      <sheetpath names="/" tstamps="/"/>
      <tstamps>5f37def2-d45a-4737-9c37-e62a416a1bf0</tstamps>
    </comp>
    <comp ref="Q12">
      <value>MHE035</value>
      <footprint>Package_TO_SOT_THT:TO-220-3_Vertical</footprint>
      <fields>
        <field name="Sim.Library">tranzystory.txt</field>
        <field name="Sim.Name">MJE15035</field>
        <field name="Sim.Pins">2=1 1=2 3=3</field>
      </fields>
      <libsource lib="Device" part="Q_PNP_BCE" description="PNP transistor, base/collector/emitter"/>
      <property name="Sim.Library" value="tranzystory.txt"/>
      <property name="Sim.Name" value="MJE15035"/>
      <property name="Sim.Pins" value="2=1 1=2 3=3"/>
      <property name="Sheetname" value=""/>
      <property name="Sheetfile" value="wzmacniacz.kicad_sch"/>
      <property name="ki_description" value="PNP transistor, base/collector/emitter"/>
      <property name="ki_keywords" value="transistor PNP"/>
      <sheetpath names="/" tstamps="/"/>
      <tstamps>19f1eea3-e5ff-402d-92b0-bbd32b80bfff</tstamps>
    </comp>
    <comp ref="Q13">
      <value>MHE035</value>
      <footprint>Package_TO_SOT_THT:TO-220-3_Vertical</footprint>
      <fields>
        <field name="Sim.Library">tranzystory.txt</field>
        <field name="Sim.Name">MJE15035</field>
        <field name="Sim.Pins">2=1 1=2 3=3</field>
      </fields>
      <libsource lib="Device" part="Q_PNP_BCE" description="PNP transistor, base/collector/emitter"/>
      <property name="Sim.Library" value="tranzystory.txt"/>
      <property name="Sim.Name" value="MJE15035"/>
      <property name="Sim.Pins" value="2=1 1=2 3=3"/>
      <property name="Sheetname" value=""/>
      <property name="Sheetfile" value="wzmacniacz.kicad_sch"/>
      <property name="ki_description" value="PNP transistor, base/collector/emitter"/>
      <property name="ki_keywords" value="transistor PNP"/>
      <sheetpath names="/" tstamps="/"/>
      <tstamps>57916ee1-0797-40d6-bad1-2ea9ea9a5003</tstamps>
    </comp>
    <comp ref="Q14">
      <value>MJE034</value>
      <footprint>Package_TO_SOT_THT:TO-220-3_Vertical</footprint>
      <fields>
        <field name="Sim.Library">tranzystory.txt</field>
        <field name="Sim.Name">MJE15034</field>
        <field name="Sim.Pins">2=1 1=2 3=3</field>
      </fields>
      <libsource lib="Device" part="Q_NPN_BCE" description="NPN transistor, base/collector/emitter"/>
      <property name="Sim.Library" value="tranzystory.txt"/>
      <property name="Sim.Name" value="MJE15034"/>
      <property name="Sim.Pins" value="2=1 1=2 3=3"/>
      <property name="Sheetname" value=""/>
      <property name="Sheetfile" value="wzmacniacz.kicad_sch"/>
      <property name="ki_description" value="NPN transistor, base/collector/emitter"/>
      <property name="ki_keywords" value="transistor NPN"/>
      <sheetpath names="/" tstamps="/"/>
      <tstamps>5709a1b4-c257-48f9-bd6d-9a5ba14137ba</tstamps>
    </comp>
    <comp ref="Q15">
      <value>BC817</value>
      <footprint>Package_TO_SOT_SMD:SOT-323_SC-70</footprint>
      <fields>
        <field name="Sim.Library">tranzystory.txt</field>
        <field name="Sim.Name">BC817-16</field>
        <field name="Sim.Pins">3=1 1=2 2=3</field>
      </fields>
      <libsource lib="Device" part="Q_NPN_BEC" description="NPN transistor, base/emitter/collector"/>
      <property name="Sim.Library" value="tranzystory.txt"/>
      <property name="Sim.Name" value="BC817-16"/>
      <property name="Sim.Pins" value="3=1 1=2 2=3"/>
      <property name="Sheetname" value=""/>
      <property name="Sheetfile" value="wzmacniacz.kicad_sch"/>
      <property name="ki_description" value="NPN transistor, base/emitter/collector"/>
      <property name="ki_keywords" value="transistor NPN"/>
      <sheetpath names="/" tstamps="/"/>
      <tstamps>b8e36244-469e-4687-be69-a6482a4cfae0</tstamps>
    </comp>
    <comp ref="Q16">
      <value>BC817</value>
      <footprint>Package_TO_SOT_SMD:SOT-323_SC-70</footprint>
      <fields>
        <field name="Sim.Library">tranzystory.txt</field>
        <field name="Sim.Name">BC817-16</field>
        <field name="Sim.Pins">3=1 1=2 2=3</field>
      </fields>
      <libsource lib="Device" part="Q_NPN_BEC" description="NPN transistor, base/emitter/collector"/>
      <property name="Sim.Library" value="tranzystory.txt"/>
      <property name="Sim.Name" value="BC817-16"/>
      <property name="Sim.Pins" value="3=1 1=2 2=3"/>
      <property name="Sheetname" value=""/>
      <property name="Sheetfile" value="wzmacniacz.kicad_sch"/>
      <property name="ki_description" value="NPN transistor, base/emitter/collector"/>
      <property name="ki_keywords" value="transistor NPN"/>
      <sheetpath names="/" tstamps="/"/>
      <tstamps>4a53a7cc-14de-4982-b542-8bca637cfd7d</tstamps>
    </comp>
    <comp ref="R1">
      <value>75k</value>
      <footprint>Resistor_SMD:R_0805_2012Metric</footprint>
      <libsource lib="Device" part="R" description="Resistor"/>
      <property name="Sheetname" value=""/>
      <property name="Sheetfile" value="wzmacniacz.kicad_sch"/>
      <property name="ki_description" value="Resistor"/>
      <property name="ki_keywords" value="R res resistor"/>
      <sheetpath names="/" tstamps="/"/>
      <tstamps>df6c897d-be3d-49d8-a923-4d2eb38e3f08</tstamps>
    </comp>
    <comp ref="R2">
      <value>470</value>
      <footprint>Resistor_SMD:R_0805_2012Metric</footprint>
      <libsource lib="Device" part="R" description="Resistor"/>
      <property name="Sheetname" value=""/>
      <property name="Sheetfile" value="wzmacniacz.kicad_sch"/>
      <property name="ki_description" value="Resistor"/>
      <property name="ki_keywords" value="R res resistor"/>
      <sheetpath names="/" tstamps="/"/>
      <tstamps>9ee710eb-7a7e-4540-8b54-ac02692409bf</tstamps>
    </comp>
    <comp ref="R3">
      <value>75k</value>
      <footprint>Resistor_SMD:R_0805_2012Metric</footprint>
      <libsource lib="Device" part="R" description="Resistor"/>
      <property name="Sheetname" value=""/>
      <property name="Sheetfile" value="wzmacniacz.kicad_sch"/>
      <property name="ki_description" value="Resistor"/>
      <property name="ki_keywords" value="R res resistor"/>
      <sheetpath names="/" tstamps="/"/>
      <tstamps>49ebec4b-0037-4728-9559-df8ff909f4f5</tstamps>
    </comp>
    <comp ref="R4">
      <value>1</value>
      <footprint>Resistor_THT:R_Axial_Power_L60.0mm_W14.0mm_P10.16mm_Vertical</footprint>
      <libsource lib="Device" part="R" description="Resistor"/>
      <property name="Sheetname" value=""/>
      <property name="Sheetfile" value="wzmacniacz.kicad_sch"/>
      <property name="ki_description" value="Resistor"/>
      <property name="ki_keywords" value="R res resistor"/>
      <sheetpath names="/" tstamps="/"/>
      <tstamps>0c7ac206-72cc-4d34-b2f4-e3c670d6ce5a</tstamps>
    </comp>
    <comp ref="R5">
      <value>1k</value>
      <footprint>Resistor_SMD:R_0805_2012Metric</footprint>
      <libsource lib="Device" part="R" description="Resistor"/>
      <property name="Sheetname" value=""/>
      <property name="Sheetfile" value="wzmacniacz.kicad_sch"/>
      <property name="ki_description" value="Resistor"/>
      <property name="ki_keywords" value="R res resistor"/>
      <sheetpath names="/" tstamps="/"/>
      <tstamps>6582a2bc-3636-4932-8b8c-c0bb32298bd0</tstamps>
    </comp>
    <comp ref="R6">
      <value>10</value>
      <footprint>Resistor_SMD:R_0805_2012Metric</footprint>
      <libsource lib="Device" part="R" description="Resistor"/>
      <property name="Sheetname" value=""/>
      <property name="Sheetfile" value="wzmacniacz.kicad_sch"/>
      <property name="ki_description" value="Resistor"/>
      <property name="ki_keywords" value="R res resistor"/>
      <sheetpath names="/" tstamps="/"/>
      <tstamps>7c26c7b8-6bb8-4134-938d-8282233887d8</tstamps>
    </comp>
    <comp ref="R7">
      <value>10</value>
      <footprint>Resistor_SMD:R_0805_2012Metric</footprint>
      <libsource lib="Device" part="R" description="Resistor"/>
      <property name="Sheetname" value=""/>
      <property name="Sheetfile" value="wzmacniacz.kicad_sch"/>
      <property name="ki_description" value="Resistor"/>
      <property name="ki_keywords" value="R res resistor"/>
      <sheetpath names="/" tstamps="/"/>
      <tstamps>5983b5a3-0301-41cd-8d20-d834500a8492</tstamps>
    </comp>
    <comp ref="R8">
      <value>470</value>
      <footprint>Resistor_SMD:R_0805_2012Metric</footprint>
      <libsource lib="Device" part="R" description="Resistor"/>
      <property name="Sheetname" value=""/>
      <property name="Sheetfile" value="wzmacniacz.kicad_sch"/>
      <property name="ki_description" value="Resistor"/>
      <property name="ki_keywords" value="R res resistor"/>
      <sheetpath names="/" tstamps="/"/>
      <tstamps>9f75f72c-aa8e-4f59-bd40-a1b80a3bab2d</tstamps>
    </comp>
    <comp ref="R9">
      <value>220</value>
      <footprint>Resistor_SMD:R_0805_2012Metric</footprint>
      <libsource lib="Device" part="R" description="Resistor"/>
      <property name="Sheetname" value=""/>
      <property name="Sheetfile" value="wzmacniacz.kicad_sch"/>
      <property name="ki_description" value="Resistor"/>
      <property name="ki_keywords" value="R res resistor"/>
      <sheetpath names="/" tstamps="/"/>
      <tstamps>13613347-4156-4f83-ad8d-851693650bf9</tstamps>
    </comp>
    <comp ref="R10">
      <value>180</value>
      <footprint>Resistor_SMD:R_0805_2012Metric</footprint>
      <libsource lib="Device" part="R" description="Resistor"/>
      <property name="Sheetname" value=""/>
      <property name="Sheetfile" value="wzmacniacz.kicad_sch"/>
      <property name="ki_description" value="Resistor"/>
      <property name="ki_keywords" value="R res resistor"/>
      <sheetpath names="/" tstamps="/"/>
      <tstamps>6d3a04d5-964b-4cf3-b438-31d04f950ece</tstamps>
    </comp>
    <comp ref="R16">
      <value>6.8k</value>
      <footprint>Resistor_SMD:R_0805_2012Metric</footprint>
      <libsource lib="Device" part="R" description="Resistor"/>
      <property name="Sheetname" value=""/>
      <property name="Sheetfile" value="wzmacniacz.kicad_sch"/>
      <property name="ki_description" value="Resistor"/>
      <property name="ki_keywords" value="R res resistor"/>
      <sheetpath names="/" tstamps="/"/>
      <tstamps>df3260d8-619d-4385-ad72-58ac91f78f9a</tstamps>
    </comp>
    <comp ref="R17">
      <value>82</value>
      <footprint>Resistor_SMD:R_0805_2012Metric</footprint>
      <libsource lib="Device" part="R" description="Resistor"/>
      <property name="Sheetname" value=""/>
      <property name="Sheetfile" value="wzmacniacz.kicad_sch"/>
      <property name="ki_description" value="Resistor"/>
      <property name="ki_keywords" value="R res resistor"/>
      <sheetpath names="/" tstamps="/"/>
      <tstamps>f0e40cd1-ef77-410d-90d7-905c080c62a6</tstamps>
    </comp>
    <comp ref="R18">
      <value>1</value>
      <footprint>Resistor_THT:R_Axial_Power_L60.0mm_W14.0mm_P10.16mm_Vertical</footprint>
      <libsource lib="Device" part="R" description="Resistor"/>
      <property name="Sheetname" value=""/>
      <property name="Sheetfile" value="wzmacniacz.kicad_sch"/>
      <property name="ki_description" value="Resistor"/>
      <property name="ki_keywords" value="R res resistor"/>
      <sheetpath names="/" tstamps="/"/>
      <tstamps>d387a3e2-6ff5-4629-a367-a9ae551797cc</tstamps>
    </comp>
    <comp ref="R19">
      <value>280</value>
      <footprint>Resistor_THT:R_Axial_DIN0207_L6.3mm_D2.5mm_P10.16mm_Horizontal</footprint>
      <libsource lib="Device" part="R" description="Resistor"/>
      <property name="Sheetname" value=""/>
      <property name="Sheetfile" value="wzmacniacz.kicad_sch"/>
      <property name="ki_description" value="Resistor"/>
      <property name="ki_keywords" value="R res resistor"/>
      <sheetpath names="/" tstamps="/"/>
      <tstamps>141a9a9b-e762-4149-9f8e-d4ce70619259</tstamps>
    </comp>
    <comp ref="R21">
      <value>280</value>
      <footprint>Resistor_THT:R_Axial_DIN0207_L6.3mm_D2.5mm_P10.16mm_Horizontal</footprint>
      <libsource lib="Device" part="R" description="Resistor"/>
      <property name="Sheetname" value=""/>
      <property name="Sheetfile" value="wzmacniacz.kicad_sch"/>
      <property name="ki_description" value="Resistor"/>
      <property name="ki_keywords" value="R res resistor"/>
      <sheetpath names="/" tstamps="/"/>
      <tstamps>b19206ab-c6cf-4f3f-9285-e24ae590a23b</tstamps>
    </comp>
    <comp ref="R22">
      <value>2.8k</value>
      <footprint>Resistor_THT:R_Axial_DIN0207_L6.3mm_D2.5mm_P10.16mm_Horizontal</footprint>
      <libsource lib="Device" part="R" description="Resistor"/>
      <property name="Sheetname" value=""/>
      <property name="Sheetfile" value="wzmacniacz.kicad_sch"/>
      <property name="ki_description" value="Resistor"/>
      <property name="ki_keywords" value="R res resistor"/>
      <sheetpath names="/" tstamps="/"/>
      <tstamps>406d2665-2360-4faa-b890-d6123f41f8b2</tstamps>
    </comp>
    <comp ref="R23">
      <value>2.8k</value>
      <footprint>Resistor_THT:R_Axial_DIN0207_L6.3mm_D2.5mm_P10.16mm_Horizontal</footprint>
      <libsource lib="Device" part="R" description="Resistor"/>
      <property name="Sheetname" value=""/>
      <property name="Sheetfile" value="wzmacniacz.kicad_sch"/>
      <property name="ki_description" value="Resistor"/>
      <property name="ki_keywords" value="R res resistor"/>
      <sheetpath names="/" tstamps="/"/>
      <tstamps>2c9f1992-2350-4d16-a851-4c0ad8d3f822</tstamps>
    </comp>
    <comp ref="R24">
      <value>330</value>
      <footprint>Resistor_SMD:R_0805_2012Metric</footprint>
      <libsource lib="Device" part="R" description="Resistor"/>
      <property name="Sheetname" value=""/>
      <property name="Sheetfile" value="wzmacniacz.kicad_sch"/>
      <property name="ki_description" value="Resistor"/>
      <property name="ki_keywords" value="R res resistor"/>
      <sheetpath names="/" tstamps="/"/>
      <tstamps>f0a218d0-ec96-4a73-a399-e9a8f90c48c5</tstamps>
    </comp>
    <comp ref="R25">
      <value>1.5k</value>
      <footprint>Resistor_SMD:R_0805_2012Metric</footprint>
      <libsource lib="Device" part="R" description="Resistor"/>
      <property name="Sheetname" value=""/>
      <property name="Sheetfile" value="wzmacniacz.kicad_sch"/>
      <property name="ki_description" value="Resistor"/>
      <property name="ki_keywords" value="R res resistor"/>
      <sheetpath names="/" tstamps="/"/>
      <tstamps>0daf034e-1191-4e99-aa69-880b0cb1d939</tstamps>
    </comp>
    <comp ref="R26">
      <value>560</value>
      <footprint>Resistor_SMD:R_0805_2012Metric</footprint>
      <libsource lib="Device" part="R" description="Resistor"/>
      <property name="Sheetname" value=""/>
      <property name="Sheetfile" value="wzmacniacz.kicad_sch"/>
      <property name="ki_description" value="Resistor"/>
      <property name="ki_keywords" value="R res resistor"/>
      <sheetpath names="/" tstamps="/"/>
      <tstamps>36075b64-52d8-42f4-9ad5-012a47b7fb68</tstamps>
    </comp>
    <comp ref="R27">
      <value>120</value>
      <footprint>Resistor_SMD:R_0805_2012Metric</footprint>
      <libsource lib="Device" part="R" description="Resistor"/>
      <property name="Sheetname" value=""/>
      <property name="Sheetfile" value="wzmacniacz.kicad_sch"/>
      <property name="ki_description" value="Resistor"/>
      <property name="ki_keywords" value="R res resistor"/>
      <sheetpath names="/" tstamps="/"/>
      <tstamps>2146a7a2-b35d-431f-8c04-1471477b0f4a</tstamps>
    </comp>
    <comp ref="RV1">
      <value>10</value>
      <footprint>Potentiometer_SMD:Potentiometer_Bourns_3314J_Vertical</footprint>
      <fields>
        <field name="Sim.Library">potencjometr_subckt.lib</field>
        <field name="Sim.Name">potentiometer_10</field>
        <field name="Sim.Pins">1=1 2=2 3=3</field>
      </fields>
      <libsource lib="Device" part="R_Potentiometer" description="Potentiometer"/>
      <property name="Sim.Library" value="potencjometr_subckt.lib"/>
      <property name="Sim.Name" value="potentiometer_10"/>
      <property name="Sim.Pins" value="1=1 2=2 3=3"/>
      <property name="Sheetname" value=""/>
      <property name="Sheetfile" value="wzmacniacz.kicad_sch"/>
      <property name="ki_description" value="Potentiometer"/>
      <property name="ki_keywords" value="resistor variable"/>
      <sheetpath names="/" tstamps="/"/>
      <tstamps>a3c86077-78bd-4950-9242-90ff3239935e</tstamps>
    </comp>
    <comp ref="RV2">
      <value>10k</value>
      <footprint>Potentiometer_SMD:Potentiometer_Bourns_TC33X_Vertical</footprint>
      <fields>
        <field name="Sim.Library">potencjometr_subckt.lib</field>
        <field name="Sim.Name">potentiometer_10k</field>
        <field name="Sim.Pins">1=1 2=2 3=3</field>
      </fields>
      <libsource lib="Device" part="R_Potentiometer" description="Potentiometer"/>
      <property name="Sim.Library" value="potencjometr_subckt.lib"/>
      <property name="Sim.Name" value="potentiometer_10k"/>
      <property name="Sim.Pins" value="1=1 2=2 3=3"/>
      <property name="Sheetname" value=""/>
      <property name="Sheetfile" value="wzmacniacz.kicad_sch"/>
      <property name="ki_description" value="Potentiometer"/>
      <property name="ki_keywords" value="resistor variable"/>
      <sheetpath names="/" tstamps="/"/>
      <tstamps>220dc80d-6433-4bb9-9acb-26bdcf2e9631</tstamps>
    </comp>
    <comp ref="RV3">
      <value>100</value>
      <footprint>Potentiometer_SMD:Potentiometer_Bourns_TC33X_Vertical</footprint>
      <fields>
        <field name="Sim.Library">potencjometr_subckt.lib</field>
        <field name="Sim.Name">potentiometer_100</field>
        <field name="Sim.Pins">1=1 2=2 3=3</field>
      </fields>
      <libsource lib="Device" part="R_Potentiometer" description="Potentiometer"/>
      <property name="Sim.Library" value="potencjometr_subckt.lib"/>
      <property name="Sim.Name" value="potentiometer_100"/>
      <property name="Sim.Pins" value="1=1 2=2 3=3"/>
      <property name="Sheetname" value=""/>
      <property name="Sheetfile" value="wzmacniacz.kicad_sch"/>
      <property name="ki_description" value="Potentiometer"/>
      <property name="ki_keywords" value="resistor variable"/>
      <sheetpath names="/" tstamps="/"/>
      <tstamps>63f8e953-c1cb-4a74-80de-da9e6fcbdb0d</tstamps>
    </comp>
    <comp ref="RV4">
      <value>10</value>
      <footprint>Potentiometer_SMD:Potentiometer_Bourns_3314J_Vertical</footprint>
      <fields>
        <field name="Sim.Library">potencjometr_subckt.lib</field>
        <field name="Sim.Name">potentiometer_10</field>
        <field name="Sim.Pins">1=1 2=2 3=3</field>
      </fields>
      <libsource lib="Device" part="R_Potentiometer" description="Potentiometer"/>
      <property name="Sim.Library" value="potencjometr_subckt.lib"/>
      <property name="Sim.Name" value="potentiometer_10"/>
      <property name="Sim.Pins" value="1=1 2=2 3=3"/>
      <property name="Sheetname" value=""/>
      <property name="Sheetfile" value="wzmacniacz.kicad_sch"/>
      <property name="ki_description" value="Potentiometer"/>
      <property name="ki_keywords" value="resistor variable"/>
      <sheetpath names="/" tstamps="/"/>
      <tstamps>7333c9e0-7dfb-4170-9054-09ca4b3d3da6</tstamps>
    </comp>
  </components>
  <libparts>
    <libpart lib="Connector" part="Conn_01x02_Female">
      <description>Generic connector, single row, 01x02, script generated (kicad-library-utils/schlib/autogen/connector/)</description>
      <docs>~</docs>
      <footprints>
        <fp>Connector*:*_1x??_*</fp>
      </footprints>
      <fields>
        <field name="Reference">J</field>
        <field name="Value">Conn_01x02_Female</field>
        <field name="Datasheet">~</field>
      </fields>
      <pins>
        <pin num="1" name="Pin_1" type="passive"/>
        <pin num="2" name="Pin_2" type="passive"/>
      </pins>
    </libpart>
    <libpart lib="Device" part="Battery">
      <description>Multiple-cell battery</description>
      <docs>~</docs>
      <fields>
        <field name="Reference">BT</field>
        <field name="Value">Battery</field>
        <field name="Datasheet">~</field>
      </fields>
      <pins>
        <pin num="1" name="+" type="passive"/>
        <pin num="2" name="-" type="passive"/>
      </pins>
    </libpart>
    <libpart lib="Device" part="C">
      <description>Unpolarized capacitor</description>
      <docs>~</docs>
      <footprints>
        <fp>C_*</fp>
      </footprints>
      <fields>
        <field name="Reference">C</field>
        <field name="Value">C</field>
        <field name="Datasheet">~</field>
      </fields>
      <pins>
        <pin num="1" name="" type="passive"/>
        <pin num="2" name="" type="passive"/>
      </pins>
    </libpart>
    <libpart lib="Device" part="Q_NPN_BCE">
      <description>NPN transistor, base/collector/emitter</description>
      <docs>~</docs>
      <fields>
        <field name="Reference">Q</field>
        <field name="Value">Q_NPN_BCE</field>
        <field name="Datasheet">~</field>
      </fields>
      <pins>
        <pin num="1" name="B" type="input"/>
        <pin num="2" name="C" type="passive"/>
        <pin num="3" name="E" type="passive"/>
      </pins>
    </libpart>
    <libpart lib="Device" part="Q_NPN_BEC">
      <description>NPN transistor, base/emitter/collector</description>
      <docs>~</docs>
      <fields>
        <field name="Reference">Q</field>
        <field name="Value">Q_NPN_BEC</field>
        <field name="Datasheet">~</field>
      </fields>
      <pins>
        <pin num="1" name="B" type="input"/>
        <pin num="2" name="E" type="passive"/>
        <pin num="3" name="C" type="passive"/>
      </pins>
    </libpart>
    <libpart lib="Device" part="Q_PNP_BCE">
      <description>PNP transistor, base/collector/emitter</description>
      <docs>~</docs>
      <fields>
        <field name="Reference">Q</field>
        <field name="Value">Q_PNP_BCE</field>
        <field name="Datasheet">~</field>
      </fields>
      <pins>
        <pin num="1" name="B" type="input"/>
        <pin num="2" name="C" type="passive"/>
        <pin num="3" name="E" type="passive"/>
      </pins>
    </libpart>
    <libpart lib="Device" part="Q_PNP_BEC">
      <description>PNP transistor, base/emitter/collector</description>
      <docs>~</docs>
      <fields>
        <field name="Reference">Q</field>
        <field name="Value">Q_PNP_BEC</field>
        <field name="Datasheet">~</field>
      </fields>
      <pins>
        <pin num="1" name="B" type="input"/>
        <pin num="2" name="E" type="passive"/>
        <pin num="3" name="C" type="passive"/>
      </pins>
    </libpart>
    <libpart lib="Device" part="R">
      <description>Resistor</description>
      <docs>~</docs>
      <footprints>
        <fp>R_*</fp>
      </footprints>
      <fields>
        <field name="Reference">R</field>
        <field name="Value">R</field>
        <field name="Datasheet">~</field>
      </fields>
      <pins>
        <pin num="1" name="" type="passive"/>
        <pin num="2" name="" type="passive"/>
      </pins>
    </libpart>
    <libpart lib="Device" part="R_Potentiometer">
      <description>Potentiometer</description>
      <docs>~</docs>
      <footprints>
        <fp>Potentiometer*</fp>
      </footprints>
      <fields>
        <field name="Reference">RV</field>
        <field name="Value">R_Potentiometer</field>
        <field name="Datasheet">~</field>
      </fields>
      <pins>
        <pin num="1" name="1" type="passive"/>
        <pin num="2" name="2" type="passive"/>
        <pin num="3" name="3" type="passive"/>
      </pins>
    </libpart>
  </libparts>
  <libraries>
    <library logical="Connector">
      <uri>C:\Program Files\KiCad\7.0\share\kicad\symbols\/Connector.kicad_sym</uri>
    </library>
    <library logical="Device">
      <uri>C:\Program Files\KiCad\7.0\share\kicad\symbols\/Device.kicad_sym</uri>
    </library>
  </libraries>
  <nets>
    <net code="1" name="+9V">
      <node ref="BT1" pin="1" pinfunction="+" pintype="passive"/>
      <node ref="Q13" pin="3" pinfunction="E" pintype="passive"/>
      <node ref="R16" pin="1" pintype="passive"/>
      <node ref="R2" pin="1" pintype="passive"/>
      <node ref="R21" pin="1" pintype="passive"/>
      <node ref="R22" pin="1" pintype="passive"/>
      <node ref="R26" pin="1" pintype="passive"/>
      <node ref="R8" pin="1" pintype="passive"/>
    </net>
    <net code="2" name="-9V">
      <node ref="BT4" pin="1" pinfunction="+" pintype="passive"/>
      <node ref="C3" pin="2" pintype="passive"/>
      <node ref="Q14" pin="3" pinfunction="E" pintype="passive"/>
      <node ref="Q5" pin="2" pinfunction="E" pintype="passive"/>
      <node ref="R19" pin="2" pintype="passive"/>
      <node ref="R23" pin="2" pintype="passive"/>
      <node ref="R25" pin="2" pintype="passive"/>
      <node ref="R27" pin="2" pintype="passive"/>
      <node ref="R3" pin="2" pintype="passive"/>
    </net>
    <net code="3" name="GND">
      <node ref="BT1" pin="2" pinfunction="-" pintype="passive"/>
      <node ref="BT4" pin="2" pinfunction="-" pintype="passive"/>
      <node ref="J1" pin="2" pinfunction="Pin_2" pintype="passive"/>
      <node ref="J2" pin="2" pinfunction="Pin_2" pintype="passive"/>
      <node ref="R1" pin="1" pintype="passive"/>
      <node ref="R5" pin="2" pintype="passive"/>
      <node ref="RV4" pin="2" pinfunction="2" pintype="passive"/>
    </net>
    <net code="4" name="Net-(C8-Pad1)">
      <node ref="C8" pin="1" pintype="passive"/>
      <node ref="R17" pin="2" pintype="passive"/>
      <node ref="R18" pin="1" pintype="passive"/>
      <node ref="R4" pin="2" pintype="passive"/>
    </net>
    <net code="5" name="Net-(J1-Pin_1)">
      <node ref="C1" pin="1" pintype="passive"/>
      <node ref="J1" pin="1" pinfunction="Pin_1" pintype="passive"/>
    </net>
    <net code="6" name="Net-(J2-Pin_1)">
      <node ref="C8" pin="2" pintype="passive"/>
      <node ref="J2" pin="1" pinfunction="Pin_1" pintype="passive"/>
    </net>
    <net code="7" name="Net-(Q1-B)">
      <node ref="C1" pin="2" pintype="passive"/>
      <node ref="Q1" pin="1" pinfunction="B" pintype="input"/>
      <node ref="R5" pin="1" pintype="passive"/>
    </net>
    <net code="8" name="Net-(Q1-C)">
      <node ref="C4" pin="1" pintype="passive"/>
      <node ref="Q1" pin="3" pinfunction="C" pintype="passive"/>
      <node ref="Q3" pin="3" pinfunction="C" pintype="passive"/>
      <node ref="Q7" pin="1" pinfunction="B" pintype="input"/>
    </net>
    <net code="9" name="Net-(Q1-E)">
      <node ref="Q1" pin="2" pinfunction="E" pintype="passive"/>
      <node ref="R9" pin="1" pintype="passive"/>
    </net>
    <net code="10" name="Net-(Q3-B)">
      <node ref="Q3" pin="1" pinfunction="B" pintype="input"/>
      <node ref="Q6" pin="1" pinfunction="B" pintype="input"/>
      <node ref="Q6" pin="3" pinfunction="C" pintype="passive"/>
      <node ref="Q7" pin="2" pinfunction="E" pintype="passive"/>
    </net>
    <net code="11" name="Net-(Q3-E)">
      <node ref="Q3" pin="2" pinfunction="E" pintype="passive"/>
      <node ref="R2" pin="2" pintype="passive"/>
    </net>
    <net code="12" name="Net-(Q5-B)">
      <node ref="Q5" pin="1" pinfunction="B" pintype="input"/>
      <node ref="RV2" pin="2" pinfunction="2" pintype="passive"/>
    </net>
    <net code="13" name="Net-(Q5-C)">
      <node ref="Q5" pin="3" pinfunction="C" pintype="passive"/>
      <node ref="R6" pin="2" pintype="passive"/>
    </net>
    <net code="14" name="Net-(Q6-E)">
      <node ref="Q6" pin="2" pinfunction="E" pintype="passive"/>
      <node ref="R8" pin="2" pintype="passive"/>
    </net>
    <net code="15" name="Net-(Q7-C)">
      <node ref="Q7" pin="3" pinfunction="C" pintype="passive"/>
      <node ref="Q8" pin="3" pinfunction="C" pintype="passive"/>
    </net>
    <net code="16" name="Net-(Q8-B)">
      <node ref="Q8" pin="1" pinfunction="B" pintype="input"/>
      <node ref="R7" pin="2" pintype="passive"/>
      <node ref="RV1" pin="2" pinfunction="2" pintype="passive"/>
    </net>
    <net code="17" name="Net-(Q8-E)">
      <node ref="Q8" pin="2" pinfunction="E" pintype="passive"/>
      <node ref="R10" pin="1" pintype="passive"/>
    </net>
    <net code="18" name="Net-(Q10-B)">
      <node ref="Q10" pin="1" pinfunction="B" pintype="input"/>
      <node ref="Q10" pin="2" pinfunction="C" pintype="passive"/>
      <node ref="Q9" pin="1" pinfunction="B" pintype="input"/>
      <node ref="R22" pin="2" pintype="passive"/>
    </net>
    <net code="19" name="Net-(Q10-E)">
      <node ref="C2" pin="2" pintype="passive"/>
      <node ref="Q10" pin="3" pinfunction="E" pintype="passive"/>
      <node ref="Q11" pin="1" pinfunction="B" pintype="input"/>
      <node ref="Q11" pin="2" pinfunction="C" pintype="passive"/>
    </net>
    <net code="20" name="Net-(Q11-E)">
      <node ref="Q11" pin="3" pinfunction="E" pintype="passive"/>
      <node ref="Q12" pin="1" pinfunction="B" pintype="input"/>
      <node ref="R23" pin="1" pintype="passive"/>
    </net>
    <net code="21" name="Net-(Q12-C)">
      <node ref="Q12" pin="2" pinfunction="C" pintype="passive"/>
      <node ref="Q14" pin="1" pinfunction="B" pintype="input"/>
      <node ref="R19" pin="1" pintype="passive"/>
    </net>
    <net code="22" name="Net-(Q12-E)">
      <node ref="Q12" pin="3" pinfunction="E" pintype="passive"/>
      <node ref="Q14" pin="2" pinfunction="C" pintype="passive"/>
      <node ref="R18" pin="2" pintype="passive"/>
    </net>
    <net code="23" name="Net-(Q13-B)">
      <node ref="Q13" pin="1" pinfunction="B" pintype="input"/>
      <node ref="Q9" pin="2" pinfunction="C" pintype="passive"/>
      <node ref="R21" pin="2" pintype="passive"/>
    </net>
    <net code="24" name="Net-(Q13-C)">
      <node ref="Q13" pin="2" pinfunction="C" pintype="passive"/>
      <node ref="Q9" pin="3" pinfunction="E" pintype="passive"/>
      <node ref="R4" pin="1" pintype="passive"/>
    </net>
    <net code="25" name="Net-(Q15-B)">
      <node ref="Q15" pin="1" pinfunction="B" pintype="input"/>
      <node ref="R16" pin="2" pintype="passive"/>
      <node ref="RV3" pin="2" pinfunction="2" pintype="passive"/>
    </net>
    <net code="26" name="Net-(Q15-C)">
      <node ref="C2" pin="1" pintype="passive"/>
      <node ref="Q15" pin="3" pinfunction="C" pintype="passive"/>
      <node ref="R26" pin="2" pintype="passive"/>
    </net>
    <net code="27" name="Net-(Q15-E)">
      <node ref="Q15" pin="2" pinfunction="E" pintype="passive"/>
      <node ref="Q16" pin="3" pinfunction="C" pintype="passive"/>
    </net>
    <net code="28" name="Net-(Q16-B)">
      <node ref="C4" pin="2" pintype="passive"/>
      <node ref="Q16" pin="1" pinfunction="B" pintype="input"/>
      <node ref="R24" pin="2" pintype="passive"/>
      <node ref="R25" pin="1" pintype="passive"/>
    </net>
    <net code="29" name="Net-(Q16-E)">
      <node ref="C3" pin="1" pintype="passive"/>
      <node ref="Q16" pin="2" pinfunction="E" pintype="passive"/>
      <node ref="R27" pin="1" pintype="passive"/>
    </net>
    <net code="30" name="Net-(R1-Pad2)">
      <node ref="R1" pin="2" pintype="passive"/>
      <node ref="RV2" pin="3" pinfunction="3" pintype="passive"/>
    </net>
    <net code="31" name="Net-(R3-Pad1)">
      <node ref="R3" pin="1" pintype="passive"/>
      <node ref="RV2" pin="1" pinfunction="1" pintype="passive"/>
    </net>
    <net code="32" name="Net-(R7-Pad1)">
      <node ref="R7" pin="1" pintype="passive"/>
      <node ref="RV4" pin="1" pinfunction="1" pintype="passive"/>
    </net>
    <net code="33" name="Net-(R10-Pad2)">
      <node ref="R10" pin="2" pintype="passive"/>
      <node ref="R6" pin="1" pintype="passive"/>
      <node ref="R9" pin="2" pintype="passive"/>
    </net>
    <net code="34" name="Net-(R17-Pad1)">
      <node ref="R17" pin="1" pintype="passive"/>
      <node ref="RV1" pin="1" pinfunction="1" pintype="passive"/>
    </net>
    <net code="35" name="Net-(R24-Pad1)">
      <node ref="R24" pin="1" pintype="passive"/>
      <node ref="RV3" pin="1" pinfunction="1" pintype="passive"/>
    </net>
    <net code="36" name="unconnected-(RV1-Pad3)">
      <node ref="RV1" pin="3" pinfunction="3" pintype="passive+no_connect"/>
    </net>
    <net code="37" name="unconnected-(RV3-Pad3)">
      <node ref="RV3" pin="3" pinfunction="3" pintype="passive+no_connect"/>
    </net>
    <net code="38" name="unconnected-(RV4-Pad3)">
      <node ref="RV4" pin="3" pinfunction="3" pintype="passive"/>
    </net>
  </nets>
</export>
