"#","Reference","Qty","Value","Footprint","DNP"
"1","BT1","1","9","Connector_PinSocket_2.54mm:PinSocket_1x02_P2.54mm_Vertical",""
"2","BT4","1","-9","Connector_PinSocket_2.54mm:PinSocket_1x02_P2.54mm_Vertical",""
"3","C1, C2, C8","3","1000u","Capacitor_THT:CP_Radial_D10.0mm_P5.00mm",""
"4","C3, C4","2","560u","Capacitor_THT:CP_Radial_D10.0mm_P5.00mm",""
"5","J1","1","Input","Connector_PinSocket_2.54mm:PinSocket_1x02_P2.54mm_Vertical",""
"6","J2","1","Out","Connector_PinSocket_2.54mm:PinSocket_1x02_P2.54mm_Vertical",""
"7","Q1, Q5, Q8, Q15, Q16","5","BC817","Package_TO_SOT_SMD:SOT-323_SC-70",""
"8","Q3, Q6, Q7","3","BC807","Package_TO_SOT_SMD:SOT-323_SC-70",""
"9","Q9, Q10, Q11, Q14","4","MJE034","Package_TO_SOT_THT:TO-220-3_Vertical",""
"10","Q12, Q13","2","MHE035","Package_TO_SOT_THT:TO-220-3_Vertical",""
"11","R1, R3","2","75k","Resistor_SMD:R_0805_2012Metric",""
"12","R2, R8","2","470","Resistor_SMD:R_0805_2012Metric",""
"13","R4, R18","2","1","Resistor_THT:R_Axial_Power_L60.0mm_W14.0mm_P10.16mm_Vertical",""
"14","R5","1","1k","Resistor_SMD:R_0805_2012Metric",""
"15","R6, R7","2","10","Resistor_SMD:R_0805_2012Metric",""
"16","R9","1","220","Resistor_SMD:R_0805_2012Metric",""
"17","R10","1","180","Resistor_SMD:R_0805_2012Metric",""
"18","R16","1","6.8k","Resistor_SMD:R_0805_2012Metric",""
"19","R17","1","82","Resistor_SMD:R_0805_2012Metric",""
"20","R19, R21","2","280","Resistor_THT:R_Axial_DIN0207_L6.3mm_D2.5mm_P10.16mm_Horizontal",""
"21","R22, R23","2","2.8k","Resistor_THT:R_Axial_DIN0207_L6.3mm_D2.5mm_P10.16mm_Horizontal",""
"22","R24","1","330","Resistor_SMD:R_0805_2012Metric",""
"23","R25","1","1.5k","Resistor_SMD:R_0805_2012Metric",""
"24","R26","1","560","Resistor_SMD:R_0805_2012Metric",""
"25","R27","1","120","Resistor_SMD:R_0805_2012Metric",""
"26","RV1, RV4","2","10","Potentiometer_SMD:Potentiometer_Bourns_3314J_Vertical",""
"27","RV2","1","10k","Potentiometer_SMD:Potentiometer_Bourns_TC33X_Vertical",""
"28","RV3","1","100","Potentiometer_SMD:Potentiometer_Bourns_TC33X_Vertical",""
